"Location Name","Facebook URL","Instagram URL","LinkedIn URL","WhatsApp URL","Website URL","Email","Primary Phone","Location Hashtags","Social Media Description"
"ZOE Solar Königs Wusterhausen","https://www.facebook.com/profile.php?id=100088899755919","https://www.instagram.com/_zoe_solar/","https://www.linkedin.com/company/91625256","https://wa.me/15678876200","https://zoe-solar.de","info@zoe-solar.de","+49 3375 12345678","#königswusterhausensolar, #brandenburgsolarenergie, #königswusterhausenphotovoltaik, #zoesolarkönigswusterhausen, #solarenergiekönigswusterhausen, #photovoltaikkönigswusterhausen, #grünerstromkönigswusterhausen, #nachhaltigkeitkönigswusterhausen","Folgen Sie ZOE Solar auf Social Media für Updates, Projekte und Neuigkeiten aus Königs Wusterhausen."
"ZOE Solar Falkensee","https://www.facebook.com/profile.php?id=100088899755919","https://www.instagram.com/_zoe_solar/","https://www.linkedin.com/company/91625256","https://wa.me/15678876200","https://zoe-solar.de","info@zoe-solar.de","+49 3322 12345678","#falkenseesolar, #brandenburgsolarenergie, #falkenseephotovoltaik, #zoesolarfalkensee, #solarenergiefalkensee, #photovoltaikfalkensee, #grünerstromfalkensee, #nachhaltigkeitfalkensee","Folgen Sie ZOE Solar auf Social Media für Updates, Projekte und Neuigkeiten aus Falkensee."
"ZOE Solar Oranienburg","https://www.facebook.com/profile.php?id=100088899755919","https://www.instagram.com/_zoe_solar/","https://www.linkedin.com/company/91625256","https://wa.me/15678876200","https://zoe-solar.de","info@zoe-solar.de","+49 3301 12345678","#oranienburgsolar, #brandenburgsolarenergie, #oranienburgphotovoltaik, #zoesolaroranienburg, #solarenergieoranienburg, #photovoltaikoranienburg, #grünerstromoranienburg, #nachhaltigkeitoranienburg","Folgen Sie ZOE Solar auf Social Media für Updates, Projekte und Neuigkeiten aus Oranienburg."
"ZOE Solar Nauen","https://www.facebook.com/profile.php?id=100088899755919","https://www.instagram.com/_zoe_solar/","https://www.linkedin.com/company/91625256","https://wa.me/15678876200","https://zoe-solar.de","info@zoe-solar.de","+49 3321 12345678","#nauensolar, #brandenburgsolarenergie, #nauenphotovoltaik, #zoesolarnauen, #solarenergienauen, #photovoltaiknauen, #grünerstromnauen, #nachhaltigkeitnauen","Folgen Sie ZOE Solar auf Social Media für Updates, Projekte und Neuigkeiten aus Nauen."
"ZOE Solar Cottbus","https://www.facebook.com/profile.php?id=100088899755919","https://www.instagram.com/_zoe_solar/","https://www.linkedin.com/company/91625256","https://wa.me/15678876200","https://zoe-solar.de","info@zoe-solar.de","+49 355 12345678","#cottbussolar, #brandenburgsolarenergie, #cottbusphotovoltaik, #zoesolarcottbus, #solarenergiecottbus, #photovoltaikcottbus, #grünerstromcottbus, #nachhaltigkeitcottbus","Folgen Sie ZOE Solar auf Social Media für Updates, Projekte und Neuigkeiten aus Cottbus."
"ZOE Solar Brandenburg an der Havel","https://www.facebook.com/profile.php?id=100088899755919","https://www.instagram.com/_zoe_solar/","https://www.linkedin.com/company/91625256","https://wa.me/15678876200","https://zoe-solar.de","info@zoe-solar.de","+49 3381 12345678","#brandenburganderhavelsolar, #brandenburgsolarenergie, #brandenburganderhavelphotovoltaik, #zoesolarbrandenburganderhavel, #solarenergiebrandenburganderhavel, #photovoltaikbrandenburganderhavel, #grünerstrombrandenburganderhavel, #nachhaltigkeitbrandenburganderhavel","Folgen Sie ZOE Solar auf Social Media für Updates, Projekte und Neuigkeiten aus Brandenburg an der Havel."
"ZOE Solar Frankfurt (Oder)","https://www.facebook.com/profile.php?id=100088899755919","https://www.instagram.com/_zoe_solar/","https://www.linkedin.com/company/91625256","https://wa.me/15678876200","https://zoe-solar.de","info@zoe-solar.de","+49 335 12345678","#frankfurt(oder)solar, #brandenburgsolarenergie, #frankfurt(oder)photovoltaik, #zoesolarfrankfurt(oder), #solarenergiefrankfurt(oder), #photovoltaikfrankfurt(oder), #grünerstromfrankfurt(oder), #nachhaltigkeitfrankfurt(oder)","Folgen Sie ZOE Solar auf Social Media für Updates, Projekte und Neuigkeiten aus Frankfurt (Oder)."
"ZOE Solar Bernau bei Berlin","https://www.facebook.com/profile.php?id=100088899755919","https://www.instagram.com/_zoe_solar/","https://www.linkedin.com/company/91625256","https://wa.me/15678876200","https://zoe-solar.de","info@zoe-solar.de","+49 3338 12345678","#bernaubeiberlinsolar, #brandenburgsolarenergie, #bernaubeiberlinphotovoltaik, #zoesolarbernaubeiberlin, #solarenergiebernaubeiberlin, #photovoltaikbernaubeiberlin, #grünerstrombernaubeiberlin, #nachhaltigkeitbernaubeiberlin","Folgen Sie ZOE Solar auf Social Media für Updates, Projekte und Neuigkeiten aus Bernau bei Berlin."
"ZOE Solar Eberswalde","https://www.facebook.com/profile.php?id=100088899755919","https://www.instagram.com/_zoe_solar/","https://www.linkedin.com/company/91625256","https://wa.me/15678876200","https://zoe-solar.de","info@zoe-solar.de","+49 3334 12345678","#eberswaldesolar, #brandenburgsolarenergie, #eberswaldephotovoltaik, #zoesolareberswalde, #solarenergieeberswalde, #photovoltaikeberswalde, #grünerstromeberswalde, #nachhaltigkeiteberswalde","Folgen Sie ZOE Solar auf Social Media für Updates, Projekte und Neuigkeiten aus Eberswalde."
"ZOE Solar Wien","https://www.facebook.com/profile.php?id=100088899755919","https://www.instagram.com/_zoe_solar/","https://www.linkedin.com/company/91625256","https://wa.me/15678876200","https://zoe-solar.de","info@zoe-solar.de","+43 1 12345678","#wiensolar, #wiensolarenergie, #wienphotovoltaik, #zoesolarwien, #solarenergiewien, #photovoltaikwien, #grünerstromwien, #nachhaltigkeitwien","Folgen Sie ZOE Solar auf Social Media für Updates, Projekte und Neuigkeiten aus Wien."
"ZOE Solar Zürich","https://www.facebook.com/profile.php?id=100088899755919","https://www.instagram.com/_zoe_solar/","https://www.linkedin.com/company/91625256","https://wa.me/15678876200","https://zoe-solar.de","info@zoe-solar.de","+41 44 12345678","#zürichsolar, #zürichsolarenergie, #zürichphotovoltaik, #zoesolarzürich, #solarenergiezürich, #photovoltaikzürich, #grünerstromzürich, #nachhaltigkeitzürich","Folgen Sie ZOE Solar auf Social Media für Updates, Projekte und Neuigkeiten aus Zürich."
"ZOE Solar Hamburg","https://www.facebook.com/profile.php?id=100088899755919","https://www.instagram.com/_zoe_solar/","https://www.linkedin.com/company/91625256","https://wa.me/15678876200","https://zoe-solar.de","info@zoe-solar.de","+49 40 12345678","#hamburgsolar, #hamburgsolarenergie, #hamburgphotovoltaik, #zoesolarhamburg, #solarenergiehamburg, #photovoltaikhamburg, #grünerstromhamburg, #nachhaltigkeithamburg","Folgen Sie ZOE Solar auf Social Media für Updates, Projekte und Neuigkeiten aus Hamburg."
"ZOE Solar München","https://www.facebook.com/profile.php?id=100088899755919","https://www.instagram.com/_zoe_solar/","https://www.linkedin.com/company/91625256","https://wa.me/15678876200","https://zoe-solar.de","info@zoe-solar.de","+49 89 12345678","#münchensolar, #bayernsolarenergie, #münchenphotovoltaik, #zoesolarmünchen, #solarenergiemünchen, #photovoltaikmünchen, #grünerstrommünchen, #nachhaltigkeitmünchen","Folgen Sie ZOE Solar auf Social Media für Updates, Projekte und Neuigkeiten aus München."
"ZOE Solar Köln","https://www.facebook.com/profile.php?id=100088899755919","https://www.instagram.com/_zoe_solar/","https://www.linkedin.com/company/91625256","https://wa.me/15678876200","https://zoe-solar.de","info@zoe-solar.de","+49 221 12345678","#kölnsolar, #nordrhein-westfalensolarenergie, #kölnphotovoltaik, #zoesolarköln, #solarenergieköln, #photovoltaikköln, #grünerstromköln, #nachhaltigkeitköln","Folgen Sie ZOE Solar auf Social Media für Updates, Projekte und Neuigkeiten aus Köln."
"ZOE Solar Düsseldorf","https://www.facebook.com/profile.php?id=100088899755919","https://www.instagram.com/_zoe_solar/","https://www.linkedin.com/company/91625256","https://wa.me/15678876200","https://zoe-solar.de","info@zoe-solar.de","+49 211 12345678","#düsseldorfsolar, #nordrhein-westfalensolarenergie, #düsseldorfphotovoltaik, #zoesolardüsseldorf, #solarenergiedüsseldorf, #photovoltaikdüsseldorf, #grünerstromdüsseldorf, #nachhaltigkeitdüsseldorf","Folgen Sie ZOE Solar auf Social Media für Updates, Projekte und Neuigkeiten aus Düsseldorf."
"ZOE Solar Frankfurt am Main","https://www.facebook.com/profile.php?id=100088899755919","https://www.instagram.com/_zoe_solar/","https://www.linkedin.com/company/91625256","https://wa.me/15678876200","https://zoe-solar.de","info@zoe-solar.de","+49 69 12345678","#frankfurtammainsolar, #hessensolarenergie, #frankfurtammainphotovoltaik, #zoesolarfrankfurtammain, #solarenergiefrankfurtammain, #photovoltaikfrankfurtammain, #grünerstromfrankfurtammain, #nachhaltigkeitfrankfurtammain","Folgen Sie ZOE Solar auf Social Media für Updates, Projekte und Neuigkeiten aus Frankfurt am Main."
"ZOE Solar Stuttgart","https://www.facebook.com/profile.php?id=100088899755919","https://www.instagram.com/_zoe_solar/","https://www.linkedin.com/company/91625256","https://wa.me/15678876200","https://zoe-solar.de","info@zoe-solar.de","+49 711 12345678","#stuttgartsolar, #baden-württembergsolarenergie, #stuttgartphotovoltaik, #zoesolarstuttgart, #solarenergiestuttgart, #photovoltaikstuttgart, #grünerstromstuttgart, #nachhaltigkeitstuttgart","Folgen Sie ZOE Solar auf Social Media für Updates, Projekte und Neuigkeiten aus Stuttgart."
"ZOE Solar Leipzig","https://www.facebook.com/profile.php?id=100088899755919","https://www.instagram.com/_zoe_solar/","https://www.linkedin.com/company/91625256","https://wa.me/15678876200","https://zoe-solar.de","info@zoe-solar.de","+49 341 12345678","#leipzigsolar, #sachsensolarenergie, #leipzigphotovoltaik, #zoesolarleipzig, #solarenergieleipzig, #photovoltaikleipzig, #grünerstromleipzig, #nachhaltigkeitleipzig","Folgen Sie ZOE Solar auf Social Media für Updates, Projekte und Neuigkeiten aus Leipzig."
"ZOE Solar Dresden","https://www.facebook.com/profile.php?id=100088899755919","https://www.instagram.com/_zoe_solar/","https://www.linkedin.com/company/91625256","https://wa.me/15678876200","https://zoe-solar.de","info@zoe-solar.de","+49 351 12345678","#dresdensolar, #sachsensolarenergie, #dresdenphotovoltaik, #zoesolardresden, #solarenergiedresden, #photovoltaikdresden, #grünerstromdresden, #nachhaltigkeitdresden","Folgen Sie ZOE Solar auf Social Media für Updates, Projekte und Neuigkeiten aus Dresden."
"ZOE Solar Nürnberg","https://www.facebook.com/profile.php?id=100088899755919","https://www.instagram.com/_zoe_solar/","https://www.linkedin.com/company/91625256","https://wa.me/15678876200","https://zoe-solar.de","info@zoe-solar.de","+49 911 12345678","#nürnbergsolar, #bayernsolarenergie, #nürnbergphotovoltaik, #zoesolarnürnberg, #solarenergienürnberg, #photovoltaiknürnberg, #grünerstromnürnberg, #nachhaltigkeitnürnberg","Folgen Sie ZOE Solar auf Social Media für Updates, Projekte und Neuigkeiten aus Nürnberg."
"ZOE Solar Bremen","https://www.facebook.com/profile.php?id=100088899755919","https://www.instagram.com/_zoe_solar/","https://www.linkedin.com/company/91625256","https://wa.me/15678876200","https://zoe-solar.de","info@zoe-solar.de","+49 421 12345678","#bremensolar, #bremensolarenergie, #bremenphotovoltaik, #zoesolarbremen, #solarenergiebremen, #photovoltaikbremen, #grünerstrombremen, #nachhaltigkeitbremen","Folgen Sie ZOE Solar auf Social Media für Updates, Projekte und Neuigkeiten aus Bremen."
"ZOE Solar Hannover","https://www.facebook.com/profile.php?id=100088899755919","https://www.instagram.com/_zoe_solar/","https://www.linkedin.com/company/91625256","https://wa.me/15678876200","https://zoe-solar.de","info@zoe-solar.de","+49 511 12345678","#hannoversolar, #niedersachsensolarenergie, #hannoverphotovoltaik, #zoesolarhannover, #solarenergiehannover, #photovoltaikhannover, #grünerstromhannover, #nachhaltigkeithannover","Folgen Sie ZOE Solar auf Social Media für Updates, Projekte und Neuigkeiten aus Hannover."
"ZOE Solar Kiel","https://www.facebook.com/profile.php?id=100088899755919","https://www.instagram.com/_zoe_solar/","https://www.linkedin.com/company/91625256","https://wa.me/15678876200","https://zoe-solar.de","info@zoe-solar.de","+49 431 12345678","#kielsolar, #schleswig-holsteinsolarenergie, #kielphotovoltaik, #zoesolarkiel, #solarenergiekiel, #photovoltaikkiel, #grünerstromkiel, #nachhaltigkeitkiel","Folgen Sie ZOE Solar auf Social Media für Updates, Projekte und Neuigkeiten aus Kiel."
"ZOE Solar Schwerin","https://www.facebook.com/profile.php?id=100088899755919","https://www.instagram.com/_zoe_solar/","https://www.linkedin.com/company/91625256","https://wa.me/15678876200","https://zoe-solar.de","info@zoe-solar.de","+49 385 12345678","#schwerinsolar, #mecklenburg-vorpommernsolarenergie, #schwerinphotovoltaik, #zoesolarschwerin, #solarenergieschwerin, #photovoltaikschwerin, #grünerstromschwerin, #nachhaltigkeitschwerin","Folgen Sie ZOE Solar auf Social Media für Updates, Projekte und Neuigkeiten aus Schwerin."
"ZOE Solar Wiesbaden","https://www.facebook.com/profile.php?id=100088899755919","https://www.instagram.com/_zoe_solar/","https://www.linkedin.com/company/91625256","https://wa.me/15678876200","https://zoe-solar.de","info@zoe-solar.de","+49 611 12345678","#wiesbadensolar, #hessensolarenergie, #wiesbadenphotovoltaik, #zoesolarwiesbaden, #solarenergiewiesbaden, #photovoltaikwiesbaden, #grünerstromwiesbaden, #nachhaltigkeitwiesbaden","Folgen Sie ZOE Solar auf Social Media für Updates, Projekte und Neuigkeiten aus Wiesbaden."
"ZOE Solar Mainz","https://www.facebook.com/profile.php?id=100088899755919","https://www.instagram.com/_zoe_solar/","https://www.linkedin.com/company/91625256","https://wa.me/15678876200","https://zoe-solar.de","info@zoe-solar.de","+49 6131 12345678","#mainzsolar, #rheinland-pfalzsolarenergie, #mainzphotovoltaik, #zoesolarmainz, #solarenergiemainz, #photovoltaikmainz, #grünerstrommainz, #nachhaltigkeitmainz","Folgen Sie ZOE Solar auf Social Media für Updates, Projekte und Neuigkeiten aus Mainz."