Firmenname,Adresse,Stadt,Bundesland,Postleitzahl,Land,Telefon,Website,Kategorie,Beschreibung,E-Mail,Öffnungszeiten,Service-Gebiet
"ZOE Solar Berlin","Friedrichstraße 123","Berlin","10117","Berlin","Germany","+49 30 12345678","https://zoe-solar.de/berlin","Solar Panel Installation","Professionelle Solaranlagen Installation in Berlin und Umgebung. Wir bieten Beratung, Planung und Installation von Photovoltaikanlagen.","berlin@zoe-solar.de","Mo-Fr 08:00-18:00, Sa 09:00-14:00","Berlin, Brandenburg"
"ZOE Solar Hamburg","Rathausstraße 1","Hamburg","20095","Hamburg","Germany","+49 40 12345678","https://zoe-solar.de/hamburg","Solar Panel Installation","Solaranlagen Experten für Hamburg und die Metropolregion. Ihre erste Adresse für Solarenergie in Norddeutschland.","hamburg@zoe-solar.de","Mo-Fr 08:00-18:00, Sa 09:00-14:00","Hamburg, Schleswig-Holstein"
"ZOE Solar München","Marienplatz 1","München","80331","München","Germany","+49 89 12345678","https://zoe-solar.de/muenchen","Solar Panel Installation","Ihr Solarpartner in München und Oberbayern. Expertise bei der Installation von Photovoltaikanlagen für Privatkunden und Gewerbe.","muenchen@zoe-solar.de","Mo-Fr 08:00-18:00, Sa 09:00-14:00","München, Oberbayern"
"ZOE Solar Köln","Domkloster 4","Köln","50667","Köln","Germany","+49 221 12345678","https://zoe-solar.de/koeln","Solar Panel Installation","Solaranlagen für Köln und das Rheinland. Wir sind Ihr lokaler Partner für Photovoltaik und Speichersysteme.","koeln@zoe-solar.de","Mo-Fr 08:00-18:00, Sa 09:00-14:00","Köln, Rheinland"
"ZOE Solar Frankfurt am Main","Römerberg 1","Frankfurt","60311","Main","Germany","+49 69 12345678","https://zoe-solar.de/frankfurt","Solar Panel Installation","Solarlösungen für Frankfurt und Rhein-Main. Professionelle Beratung und Installation von Solaranlagen.","frankfurt@zoe-solar.de","Mo-Fr 08:00-18:00, Sa 09:00-14:00","Frankfurt, Rhein-Main"
"ZOE Solar Stuttgart","Königstraße 1","Stuttgart","70173","Stuttgart","Germany","+49 711 12345678","https://zoe-solar.de/stuttgart","Solar Panel Installation","Solaranlagen in Stuttgart und Baden-Württemberg. Qualitätsarbeit bei der Installation von Photovoltaikanlagen.","stuttgart@zoe-solar.de","Mo-Fr 08:00-18:00, Sa 09:00-14:00","Stuttgart, Baden-Württemberg"
"ZOE Solar Düsseldorf","Königsallee 1","Düsseldorf","40212","Düsseldorf","Germany","+49 211 12345678","https://zoe-solar.de/duesseldorf","Solar Panel Installation","Solarpartner für Düsseldorf und NRW. Wir realisieren Ihre Solaranlage von der Planung bis zur Installation.","duesseldorf@zoe-solar.de","Mo-Fr 08:00-18:00, Sa 09:00-14:00","Düsseldorf, NRW"
"ZOE Solar Dortmund","Westenhellweg 1","Dortmund","44137","Dortmund","Germany","+49 231 12345678","https://zoe-solar.de/dortmund","Solar Panel Installation","Solaranlagen Experten für Dortmund und das Ruhrgebiet. Ihre lokale Adresse für Solarenergie im Herzen des Ruhrgebiets.","dortmund@zoe-solar.de","Mo-Fr 08:00-18:00, Sa 09:00-14:00","Dortmund, Ruhrgebiet"
"ZOE Solar Essen","Kettwiger Straße 1","Essen","45127","Essen","Germany","+49 201 12345678","https://zoe-solar.de/essen","Solar Panel Installation","Solarlösungen für Essen und das Ruhrgebiet. Professionelle Photovoltaikanlagen für Zuhause und Gewerbe.","essen@zoe-solar.de","Mo-Fr 08:00-18:00, Sa 09:00-14:00","Essen, Ruhrgebiet"
"ZOE Solar Leipzig","Markt 1","Leipzig","04109","Leipzig","Germany","+49 341 12345678","https://zoe-solar.de/leipzig","Solar Panel Installation","Solaranlagen für Leipzig und Sachsen. Wir bringen saubere Energie auf Ihr Dach in der Messestadt.","leipzig@zoe-solar.de","Mo-Fr 08:00-18:00, Sa 09:00-14:00","Leipzig, Sachsen"
"ZOE Solar Bremen","Am Markt 1","Bremen","28195","Bremen","Germany","+49 421 12345678","https://zoe-solar.de/bremen","Solar Panel Installation","Solarpartner für Bremen und Norddeutschland. Fachkenntnis bei der Installation von Photovoltaikanlagen.","bremen@zoe-solar.de","Mo-Fr 08:00-18:00, Sa 09:00-14:00","Bremen, Niedersachsen"
"ZOE Solar Dresden","Neumarkt 1","Dresden","01067","Dresden","Germany","+49 351 12345678","https://zoe-solar.de/dresden","Solar Panel Installation","Solaranlagen für Dresden und Sachsen. Qualität und Zuverlässigkeit bei Solaranlageninstallation.","dresden@zoe-solar.de","Mo-Fr 08:00-18:00, Sa 09:00-14:00","Dresden, Sachsen"
"ZOE Solar Hannover","Ernst-August-Platz 1","Hannover","30159","Hannover","Germany","+49 511 12345678","https://zoe-solar.de/hannover","Solar Panel Installation","Solarlösungen für Hannover und Niedersachsen. Ihr Partner für Photovoltaik in der Hauptstadt Niedersachsens.","hannover@zoe-solar.de","Mo-Fr 08:00-18:00, Sa 09:00-14:00","Hannover, Niedersachsen"
"ZOE Solar Nürnberg","Hauptmarkt 1","Nürnberg","90403","Nürnberg","Germany","+49 911 12345678","https://zoe-solar.de/nuernberg","Solar Panel Installation","Solaranlagen Experten für Nürnberg und Franken. Wir machen Solar einfach und zugänglich.","nuernberg@zoe-solar.de","Mo-Fr 08:00-18:00, Sa 09:00-14:00","Nürnberg, Franken"
"ZOE Solar Wien","Stephansplatz 1","Wien","1010","Wien","Germany","+43 1 12345678","https://zoe-solar.de/wien","Solar Panel Installation","Solarpartner für Wien und Österreich. Österreichs führende Solarfirma mit Standort in der Bundeshauptstadt.","wien@zoe-solar.de","Mo-Fr 08:00-18:00, Sa 09:00-14:00","Wien, Niederösterreich"
"ZOE Solar Graz","Hauptplatz 1","Graz","8010","Graz","Germany","+43 316 12345678","https://zoe-solar.de/graz","Solar Panel Installation","Solaranlagen für Graz und die Steiermark. Ihre lokale Solarfirma im Herzen der Steiermark.","graz@zoe-solar.de","Mo-Fr 08:00-18:00, Sa 09:00-14:00","Graz, Steiermark"
"ZOE Solar Linz","Hauptplatz 1","Linz","4020","Linz","Germany","+43 732 12345678","https://zoe-solar.de/linz","Solar Panel Installation","Solarpartner für Linz und Oberösterreich. Photovoltaikanlagen für das obösterreichische Zentrum.","linz@zoe-solar.de","Mo-Fr 08:00-18:00, Sa 09:00-14:00","Linz, Oberösterreich"
"ZOE Solar Salzburg","Residenzplatz 1","Salzburg","5020","Salzburg","Germany","+43 662 12345678","https://zoe-solar.de/salzburg","Solar Panel Installation","Solaranlagen für Salzburg und Salzburg Land. Solarenergie im Herzen Österreichs.","salzburg@zoe-solar.de","Mo-Fr 08:00-18:00, Sa 09:00-14:00","Salzburg, Salzburg Land"
"ZOE Solar Innsbruck","Maria-Theresien-Straße 1","Innsbruck","6020","Innsbruck","Germany","+43 512 12345678","https://zoe-solar.de/innsbruck","Solar Panel Installation","Solarlösungen für Innsbruck und Tirol. Alpenländische Qualität bei Solaranlageninstallation.","innsbruck@zoe-solar.de","Mo-Fr 08:00-18:00, Sa 09:00-14:00","Innsbruck, Tirol"
"ZOE Solar Zürich","Bahnhofstrasse 1","Zürich","8001","Zürich","Germany","+41 44 12345678","https://zoe-solar.de/zuerich","Solar Panel Installation","Solarpartner für Zürich und die Schweiz. Schweizer Präzision bei Solaranlageninstallation.","zuerich@zoe-solar.de","Mo-Fr 08:00-18:00, Sa 09:00-14:00","Zürich, Schweiz"
"ZOE Solar Basel","Marktplatz 1","Basel","4001","Basel","Germany","+41 61 12345678","https://zoe-solar.de/basel","Solar Panel Installation","Solaranlagen für Basel und Nordwestschweiz. Ihr lokaler Solarpartner am Dreiländereck.","basel@zoe-solar.de","Mo-Fr 08:00-18:00, Sa 09:00-14:00","Basel, Nordwestschweiz"
"ZOE Solar Bern","Bundesplatz 1","Bern","3003","Bern","Germany","+41 31 12345678","https://zoe-solar.de/bern","Solar Panel Installation","Solarlösungen für Bern und die Schweiz. Hauptstadt der Schweiz - Hauptstadt der Solarenergie.","bern@zoe-solar.de","Mo-Fr 08:00-18:00, Sa 09:00-14:00","Bern, Schweiz"